name;categoriya;photo_url;photo_checksum;photo_path;photo_status;source_url
Fog shrouds a forest of tall pine trees.;forest images, mountains images, winter images, snow images, trees images, hiking images, wallpapers images, fog images, backgrounds images, woods images, cold images, yosemite images, moody images, mist images, mysterious images, foggy images, foggy mountains images, foggy trees images, usa images, weather images, Creative Commons images images;https://images.unsplash.com/photo-1743191771058-d06e793dda2d?fm=jpg&q=60&w=3000&ixlib=rb-4.0.3&ixid=M3wxMjA3fDB8MHxwaG90by1wYWdlfHx8fGVufDB8fHx8fA%3D%3D;980b72ab4a60681e93f4bef3436caeff;full/3e76305ae3633185545a5ea95819c135ef4499d4.jpg;uptodate;https://unsplash.com/photos/fog-shrouds-a-forest-of-tall-pine-trees-m8rM-X6S54o
Abstract design with flowing, curled shapes.;wallpaper images, background images, abstract images, texture images, pattern images, vertical wallpaper images, wallpapers images, 3d render images, backgrounds images, mobile wallpaper images, High Resolution Images, olive green images, high res images, art images, Free images images;https://images.unsplash.com/photo-1744457167322-1e193924a1fe?fm=jpg&q=60&w=3000&ixlib=rb-4.0.3&ixid=M3wxMjA3fDB8MHxwaG90by1wYWdlfHx8fGVufDB8fHx8fA%3D%3D;ef1e4764bea82c04ca591df5e8839afc;full/2391a344a2fe2300e50374edadc695c434d53751.jpg;uptodate;https://unsplash.com/photos/abstract-design-with-flowing-curled-shapes-3G0MvZYDDnc
A view of a mountain with a moon in the sky;natural images, mountains images, minimal images, wallpapers images, backgrounds images, mountain range images, outside images, minimal nature images, natural elements images, Free images images;https://plus.unsplash.com/premium_photo-1739123252596-b4145bd292d1?fm=jpg&q=60&w=3000&ixlib=rb-4.0.3&ixid=M3wxMjA3fDB8MHxwaG90by1wYWdlfHx8fGVufDB8fHx8fA%3D%3D;fd56bf3f40e51a66ed107eccbcf5f691;full/da220a109c9e2ba6341cbb895b39e650442bc7b0.jpg;uptodate;https://unsplash.com/photos/a-view-of-a-mountain-with-a-moon-in-the-sky-Eq6f9D-qlhY
Abstract art with red and white light.;light images, wallpapers images, digital image images, render images, backgrounds images, lighting images, sphere images, flare images, Backgrounds images;https://images.unsplash.com/photo-1744646365388-5c889a2f69a9?fm=jpg&q=60&w=3000&ixlib=rb-4.0.3&ixid=M3wxMjA3fDB8MHxwaG90by1wYWdlfHx8fGVufDB8fHx8fA%3D%3D;4c39131bccc16b842097ab94165940bb;full/603647d6734b50d3e88ca9850bd3e0bcce7ee318.jpg;uptodate;https://unsplash.com/photos/abstract-art-with-red-and-white-light-vOQ7AcUZE-Q
Curved black paper lines create an abstract design.;background images, texture images, dark images, pattern images, wallpapers images, 3d render images, digital image images, render images, backgrounds images, High Resolution Images, dark brown images, curves images, dark aesthetics images, wallpapaer images, high res images, car images, black images, automobile images, Creative Commons images images;https://images.unsplash.com/photo-1744274800188-4f3159c408cf?fm=jpg&q=60&w=3000&ixlib=rb-4.0.3&ixid=M3wxMjA3fDB8MHxwaG90by1wYWdlfHx8fGVufDB8fHx8fA%3D%3D;5e6baace30ea3d65d14fdb79938efbcc;full/e0056cef7f9fe8e3099bc758bdb82ee6f015740a.jpg;uptodate;https://unsplash.com/photos/curved-black-paper-lines-create-an-abstract-design-8YX-02nWmyI
a close up of a flower with a red background;flower images, tulip images, wallpapers images, floral images, tulips images, backgrounds images, red flower images, red colour images, single flower images, bloom images, brasil images, monochromatic images, stigma images, red tulip images, tulip flower images, monochromatic flowers images, allec gomes images, Backgrounds images;https://plus.unsplash.com/premium_photo-1688045669522-b7c7603dbb70?fm=jpg&q=60&w=3000&ixlib=rb-4.0.3&ixid=M3wxMjA3fDB8MHxwaG90by1wYWdlfHx8fGVufDB8fHx8fA%3D%3D;fd0bb8a14266a1c7ef411fc7bf4accec;full/c85d025dd894e9c58b149f62103efec34bb5b082.jpg;uptodate;https://unsplash.com/photos/a-close-up-of-a-flower-with-a-red-background-cb2WKRZA9i8
Wind turbines glow under a starry night sky.;stars images, wallpapers images, backgrounds images, night photography images, machine images, tower images, engine images, motor images, landmark images, Backgrounds images;https://images.unsplash.com/photo-1744315900478-fa44dc6a4e89?fm=jpg&q=60&w=3000&ixlib=rb-4.0.3&ixid=M3wxMjA3fDB8MHxwaG90by1wYWdlfHx8fGVufDB8fHx8fA%3D%3D;41478f05c0933eb011452b7ec1bb676c;full/c6c9a402cfd65ab4884df08bd487829615f2c123.jpg;uptodate;https://unsplash.com/photos/wind-turbines-glow-under-a-starry-night-sky-uaJfantgQNE
Stars and shapes are arranged on a dark background.;art images, dark images, night sky images, stars images, illustration images, drawing images, artwork images, wallpapers images, backgrounds images, constellations images, piece of art images, space images, face images, universe images, outdoors images, astronomy images, outer space images, Free stock photos images;https://images.unsplash.com/photo-1744058588832-5a0cf779b215?fm=jpg&q=60&w=3000&ixlib=rb-4.0.3&ixid=M3wxMjA3fDB8MHxwaG90by1wYWdlfHx8fGVufDB8fHx8fA%3D%3D;54706fa8f860d157a1eecc7fbaf3ed33;full/8faefc9d27745f2cea69898fb89fbb7a358430db.jpg;uptodate;https://unsplash.com/photos/stars-and-shapes-are-arranged-on-a-dark-background-3hkd1FDv00Y
a red and white striped pillow;background images, abstract images, texture images, art images, dark images, black background images, pattern images, red images, wallpapers images, digital image images, render images, backgrounds images, graphics images, blender images, swirl images, magenta images, vortex images, cgi images, room for text images, Backgrounds images;https://plus.unsplash.com/premium_photo-1669828434908-c71eb9dad5e8?fm=jpg&q=60&w=3000&ixlib=rb-4.0.3&ixid=M3wxMjA3fDB8MHxwaG90by1wYWdlfHx8fGVufDB8fHx8fA%3D%3D;16efb104073e9e1cf19b34c9a72b9e8e;full/0fc5435ac8a3cd8ce6c9fe0b118a591e9c856a32.jpg;uptodate;https://unsplash.com/photos/a-red-and-white-striped-pillow-3-yet_HyfFY
A river flows through a dark, barren landscape.;road images, blue images, autumn images, river images, iceland images, hiking images, camping images, sand images, wallpapers images, outdoors images, drone images, backgrounds images, moss images, glacier images, teal images, ariel images, tones images, woman images, human images, adult images, Creative Commons images images;https://images.unsplash.com/photo-1743014379226-a3189c8f4a84?fm=jpg&q=60&w=3000&ixlib=rb-4.0.3&ixid=M3wxMjA3fDB8MHxwaG90by1wYWdlfHx8fGVufDB8fHx8fA%3D%3D;73fbf1182d8b8481192b095adff7862a;full/1e0df8be330691546209424a18ea5aa42dbb14f0.jpg;uptodate;https://unsplash.com/photos/a-river-flows-through-a-dark-barren-landscape-mnEdd_OAX9s
Dried plant stem with elegant leaves.;flower images, natural images, flower wallpaper images, wallpapers images, backgrounds images, flower background images, art images, plant images, wood images, leaf images, blossom images, flower arrangement images, Free stock photos images;https://images.unsplash.com/photo-1743069956007-3bcb9b159cca?fm=jpg&q=60&w=3000&ixlib=rb-4.0.3&ixid=M3wxMjA3fDB8MHxwaG90by1wYWdlfHx8fGVufDB8fHx8fA%3D%3D;456bd0ac37c0340d6246c09a739c292c;full/6cacbabf8673d4a07e9f27e8dd64e956cd89c4de.jpg;uptodate;https://unsplash.com/photos/dried-plant-stem-with-elegant-leaves-JwC6nhsJK5g
a blue and white object in the sky;space images, planet images, wallpapers images, 3d render images, digital image images, backgrounds images, alien planet images, Backgrounds images;https://plus.unsplash.com/premium_photo-1678495222603-b66f6393c166?fm=jpg&q=60&w=3000&ixlib=rb-4.0.3&ixid=M3wxMjA3fDB8MHxwaG90by1wYWdlfHx8fGVufDB8fHx8fA%3D%3D;964afd4d3c3e83c521fac13eedad0231;full/d7ee867d526665695d3bff9d68453335731640fe.jpg;uptodate;https://unsplash.com/photos/a-blue-and-white-object-in-the-sky--DsXZ0XyznM
A white wall with a spiral design on it;wallpaper images, background images, abstract images, texture images, 8k wallpaper images, pattern images, wallpapers images, 3d render images, digital image images, render images, backgrounds images, bright images, horizontal wallpaper images, spiral images, 3d design images, neutral color images, chromebook wallpaper images, human images, white images, baby images, Free stock photos images;https://images.unsplash.com/photo-1734779205618-30ee0220f56f?fm=jpg&q=60&w=3000&ixlib=rb-4.0.3&ixid=M3wxMjA3fDB8MHxwaG90by1wYWdlfHx8fGVufDB8fHx8fA%3D%3D;36accf34a9d48f520f880439eea475db;full/fb56d56b46356585e8201032668f33b22639b00c.jpg;uptodate;https://unsplash.com/photos/a-white-wall-with-a-spiral-design-on-it-me-NTwagyOY
the moon is visible in the dark sky;wallpaper images, background images, minimal images, minimalist images, backdrop images, wallpapers images, backgrounds images, dark sky images, crescent moon images, Creative Commons images images;https://plus.unsplash.com/premium_photo-1706800282326-6e5d2103646b?fm=jpg&q=60&w=3000&ixlib=rb-4.0.3&ixid=M3wxMjA3fDB8MHxwaG90by1wYWdlfHx8fGVufDB8fHx8fA%3D%3D;5baa16a3cb2b284c636766b4f57701a5;full/525dc5c0bdf4cd33c679f811aa619664fc196196.jpg;uptodate;https://unsplash.com/photos/the-moon-is-visible-in-the-dark-sky-2ErXtLP-1eo
An aerial view of a bridge over mudflats.;bridge images, wallpapers images, transportation images, minimalism images, highway images, backgrounds images, traffic images, infrastructure images, landscape photography images, aerial view images, earth tones images, curves images, erosion images, river delta images, abstract patterns images, natural textures images, muddy water images, road images, china images, outdoors images, Backgrounds images;https://images.unsplash.com/photo-1743565610781-9a03109f126a?fm=jpg&q=60&w=3000&ixlib=rb-4.0.3&ixid=M3wxMjA3fDB8MHxwaG90by1wYWdlfHx8fGVufDB8fHx8fA%3D%3D;53618452653216e33057a3b772e88df0;full/b8e7d96bcd52e7e49c79945540d58122fe589e05.jpg;uptodate;https://unsplash.com/photos/an-aerial-view-of-a-bridge-over-mudflats-ExH5f5tHPeg
A mountain under a starry night sky.;night images, stars images, wallpapers images, california images, backgrounds images, yosemite images, el capitan images, nightscape images, cliff face images, usa images, scenery images, rock images, starry sky images, outdoors images, mountain range images, cliff images, peak images, HD Wallpapers images;https://images.unsplash.com/photo-1745173036546-c56551790fb8?fm=jpg&q=60&w=3000&ixlib=rb-4.0.3&ixid=M3wxMjA3fDB8MHxwaG90by1wYWdlfHx8fGVufDB8fHx8fA%3D%3D;b0d982756aa9f86d5c1657396946dc0f;full/9b89bf2f26e9ed9c0e24b20aa217e5eff0ac203a.jpg;uptodate;https://unsplash.com/photos/a-mountain-under-a-starry-night-sky-tuRraTuflBA
A bathroom with a toilet and a sink;wallpaper images, background images, abstract images, texture images, pattern images, wallpapers images, 3d render images, digital image images, render images, backgrounds images, bright images, geometric images, geometry images, High Resolution Images, surface images, negative space images, interior design images, wall images, floor images, shelf images, Free stock photos images;https://images.unsplash.com/photo-1739179418323-2d9517032c6f?fm=jpg&q=60&w=3000&ixlib=rb-4.0.3&ixid=M3wxMjA3fDB8MHxwaG90by1wYWdlfHx8fGVufDB8fHx8fA%3D%3D;6f0463cd63198e5995e83ccff9a91864;full/bc9f33595f393667ca8fc9f45a7cddc41388221a.jpg;uptodate;https://unsplash.com/photos/a-bathroom-with-a-toilet-and-a-sink-p2HouwZKIJQ
a group of people standing on top of a beach;wallpaper images, background images, clouds images, minimal images, minimalist images, backdrop images, sky background images, wallpapers images, backgrounds images, pink cloud images, Free images images;https://plus.unsplash.com/premium_photo-1706800283009-57909c31c6b4?fm=jpg&q=60&w=3000&ixlib=rb-4.0.3&ixid=M3wxMjA3fDB8MHxwaG90by1wYWdlfHx8fGVufDB8fHx8fA%3D%3D;4724e3e72e03dcd07afb65f2a6533331;full/caf516a3078093d5fb48950dd6f239a3450f9f98.jpg;uptodate;https://unsplash.com/photos/a-group-of-people-standing-on-top-of-a-beach-3GpK31icMtg
A single, delicate yellow tulip against brown.;wallpapers images, backgrounds images, flower images, plant images, tulip images, blossom images, Free pictures images;https://images.unsplash.com/photo-1745293459505-270666c2b1fe?fm=jpg&q=60&w=3000&ixlib=rb-4.0.3&ixid=M3wxMjA3fDB8MHxwaG90by1wYWdlfHx8fGVufDB8fHx8fA%3D%3D;2fb65d01e849a77d66e2765129447274;full/d937eedd6dfed8e45c0df3d2e02aed86b78a5f02.jpg;uptodate;https://unsplash.com/photos/a-single-delicate-yellow-tulip-against-brown-4iat5jkkBvk
Desert landscape with mountains in the background.;wallpapers images, backgrounds images, desert images, usa images, scenery images, rock images, outdoors images, ground images, utah images, wilderness images, Free pictures images;https://images.unsplash.com/photo-1745276242272-18e54ab3c4b4?fm=jpg&q=60&w=3000&ixlib=rb-4.0.3&ixid=M3wxMjA3fDB8MHxwaG90by1wYWdlfHx8fGVufDB8fHx8fA%3D%3D;dc20e164e1d41d36655636fbe05c80a8;full/4e2fb4846875243a02f45b1e0d10993fa12df445.jpg;uptodate;https://unsplash.com/photos/desert-landscape-with-mountains-in-the-background-lIhEJgrU1Ew
